id,title,image_url,url,cook_time,cost,age_state,ingredients
1,【レンジで】トマトペースト【離乳食初期から】,https://recipe.r10s.jp/recipe-space/d/strg/ctrl/3/d6109dd338f610467d3b5b2b78cf7149497f2178.71.2.3.2.jpg,https://recipe.rakuten.co.jp/recipe/1380011795/,1,1,1,56
2,【離乳食】5ヶ月〜にんじんペースト【失敗なし】,https://recipe.r10s.jp/recipe-space/d/strg/ctrl/3/b39f98c58d3936a2fc95f5b5bef975a4a2f818b4.44.9.3.3.jpg,https://recipe.rakuten.co.jp/recipe/1900023972/,2,1,1,"35,46,57"
3,【離乳食】6ヶ月〜7倍粥を炊いたご飯から【レンジ】,https://recipe.r10s.jp/recipe-space/d/strg/ctrl/3/1c2e1a9cd82e75b99ddc82f750d5f43c52c312a0.44.9.3.3.jpg,https://recipe.rakuten.co.jp/recipe/1900024140/,2,1,1,"1,17"
4,【離乳食】6ヶ月〜さつまいもペースト【レンジ】,https://recipe.r10s.jp/recipe-space/d/strg/ctrl/3/454a03fde5ed49b5ebf48039fe5b03db79bde1e0.44.9.3.3.jpg,https://recipe.rakuten.co.jp/recipe/1900024186/,3,1,1,"17,49"
5,【離乳食】6ヶ月〜しらすペースト【ブレンダー】,https://recipe.r10s.jp/recipe-space/d/strg/ctrl/3/4193848ab8b5826b52a83f239c1e6b2906bea9b4.44.9.3.3.jpg,https://recipe.rakuten.co.jp/recipe/1900024185/,3,2,1,"12,17"
6,【離乳食】6ヶ月〜玉ねぎペースト【ブレンダー】,https://recipe.r10s.jp/recipe-space/d/strg/ctrl/3/1e71b16078b0e041a65eb83ad8d2af4a1cb9e6d8.44.9.3.3.jpg,https://recipe.rakuten.co.jp/recipe/1900024139/,2,1,1,"46,60"
7,【離乳食】6ヶ月〜白身魚ペースト【真鯛の刺身】,https://recipe.r10s.jp/recipe-space/d/strg/ctrl/3/f78d4bc2ab27cfddd842e290771a94e67ec0973e.44.9.3.3.jpg,https://recipe.rakuten.co.jp/recipe/1900024106/,3,2,1,"17,50"
8,【離乳食】レンジで簡単オートミールのミルク粥,https://recipe.r10s.jp/recipe-space/d/strg/ctrl/3/17be47a73f556e18dabb06e4ac67245c3a6c9c23.58.9.3.3.jpg,https://recipe.rakuten.co.jp/recipe/1110029535/,1,1,1,"45,53"
9,【離乳食】黒く変色しないバナナの冷凍ストック,https://recipe.r10s.jp/recipe-space/d/strg/ctrl/3/415b7b438b3e843d38a1fb71c9dfd7b0e1ce4170.58.9.3.3.jpg,https://recipe.rakuten.co.jp/recipe/1110029532/,1,1,1,52
10,【離乳食•初期】炊飯器でお米から作る10倍粥,https://recipe.r10s.jp/recipe-space/d/strg/ctrl/3/2f3ce61240e211fad835bf6cc2ff8501726169a5.58.9.3.3.jpg,https://recipe.rakuten.co.jp/recipe/1110029529/,6,1,1,"1,17"
11,【離乳食初期】いちごペースト,https://recipe.r10s.jp/recipe-space/d/strg/ctrl/3/e8ab22147672d3bfdb0c6f3dc5398524330fb96e.59.9.3.3.jpg,https://recipe.rakuten.co.jp/recipe/1500047815/,2,1,1,48
12,【離乳食初期】ブレンダーで作る！キャベツのペースト,https://recipe.r10s.jp/recipe-space/d/strg/ctrl/3/a97da697790604853e4a301c70d45f5a83ae9f57.65.2.3.2.jpg,https://recipe.rakuten.co.jp/recipe/1060011898/,2,1,1,28
13,【離乳食初期】レンジで！きゅうりペースト【冷凍可】,https://recipe.r10s.jp/recipe-space/d/strg/ctrl/3/e72334cf7f2bf7faed59f54dd7609f1de2d78edf.65.9.3.3.jpg,https://recipe.rakuten.co.jp/recipe/1140058132/,3,1,1,54
14,【離乳食初期〜】卵黄で作るレンジでかぼちゃプリン＊,https://recipe.r10s.jp/recipe-space/d/strg/ctrl/3/a390cb6412eac8633987d3e4e79bfadc0a947578.24.2.3.2.jpg,https://recipe.rakuten.co.jp/recipe/1770027173/,2,1,1,"2,4,55"
15,【離乳食初期中期】ひな祭りちらし寿司風,https://recipe.r10s.jp/recipe-space/d/strg/ctrl/3/89a87981c5a918c1f0254a2940b0e5695d7445e5.29.2.3.2.jpg,https://recipe.rakuten.co.jp/recipe/1780028175/,3,1,1,"1,49,55,57,69"
16,じゃがいもとカボチャのポタージュ,https://recipe.r10s.jp/recipe-space/d/strg/ctrl/3/5cfca8c283bc2a5024abfe172427102586e0637e.63.2.3.2.jpg,https://recipe.rakuten.co.jp/recipe/1930012309/,4,1,1,"16,17,3,33,4,40,55,60,72"
17,ハンドブレンダーで離乳食 トマトのペースト,https://recipe.r10s.jp/recipe-space/d/strg/ctrl/3/d36fb7a308a55ee97af1e575b3baf5b96001e0df.39.2.3.2.jpg,https://recipe.rakuten.co.jp/recipe/1840024264/,2,1,1,"17,56"
18,ブレンダーで一瞬！鯛のぺースト(冷凍して保存),https://recipe.r10s.jp/recipe-space/d/strg/ctrl/3/9b2c8d7bbf45517963b8ba83fa048f899c555541.69.9.3.3.jpg,https://recipe.rakuten.co.jp/recipe/1040026459/,3,1,1,"17,50"
19,レンジUP彡 新にんじん＊食べるスープ,https://recipe.r10s.jp/recipe-space/d/strg/ctrl/3/e0d09ff73bfa309e94fc507f6895739288883f71.22.9.3.3.jpg,https://recipe.rakuten.co.jp/recipe/1390057556/,3,1,1,"17,40,57"
20,初めての海苔離乳食,https://recipe.r10s.jp/recipe-space/d/strg/ctrl/3/476baeb9f0451710ff632a9b87008d755c79a221.85.2.3.2.jpg,https://recipe.rakuten.co.jp/recipe/1760030140/,1,1,1,"17,64"
21,炊飯器で簡単！10倍粥 離乳食,https://recipe.r10s.jp/recipe-space/d/strg/ctrl/3/dfe1804bc61aa4a24c036392b3ace81fc74abf50.56.2.3.2.jpg,https://recipe.rakuten.co.jp/recipe/1800018497/,5,1,1,"1,17"
22,炊飯器で簡単！離乳食初期◎お野菜ペーストと野菜出汁,https://recipe.r10s.jp/recipe-space/d/strg/ctrl/3/bb119685f6f4d33ae304d70440bf35552f94541f.26.9.3.3.jpg,https://recipe.rakuten.co.jp/recipe/1450028109/,5,2,1,"28,33,49,57,60,62"
23,無敵のハンドブレンダー！！離乳食初期の豆腐,https://recipe.r10s.jp/recipe-space/d/strg/ctrl/3/02b9418960b37a292231ba7b2191c46ed0f6cd77.16.2.3.2.jpg,https://recipe.rakuten.co.jp/recipe/1040022577/,1,1,1,"17,36,46"
24,無敵ハンドブレンダー！！離乳食初期のさつまいも,https://recipe.r10s.jp/recipe-space/d/strg/ctrl/3/e9c6c19e10e49d123e3e70fb4318148a06c29939.16.2.3.2.jpg,https://recipe.rakuten.co.jp/recipe/1040022765/,2,1,1,"17,46,49"
25,離乳食  初期  なすのペースト,https://recipe.r10s.jp/recipe-space/d/strg/ctrl/3/82eff4e87923f6a82f9580bd62128183e5ba626d.48.2.3.2.jpg,https://recipe.rakuten.co.jp/recipe/1960003956/,3,1,1,"46,73"
26,離乳食  初期  プチトマト・ミニトマト,https://recipe.r10s.jp/recipe-space/d/strg/ctrl/3/71e2d4d12a1c0d7744b25832ac2b0d5fb7ba9945.48.2.3.2.jpg,https://recipe.rakuten.co.jp/recipe/1960003917/,3,1,1,56
27,離乳食  初期  ブロッコリーの下ごしらえ,https://recipe.r10s.jp/recipe-space/d/strg/ctrl/3/0ba2c14439eeeeda4345fd8ef9219146743b77c4.48.2.3.2.jpg,https://recipe.rakuten.co.jp/recipe/1960003998/,2,1,1,"46,66"
28,離乳食 さつまいもとにんじんの豆乳ポタージュ♩,https://recipe.r10s.jp/recipe-space/d/strg/ctrl/3/f1d46b2d30c8e220af817c0764d0f5f526b26424.59.9.3.3.jpg,https://recipe.rakuten.co.jp/recipe/1430023206/,2,1,1,"49,57,60,61"
29,離乳食 初期 白身魚(たら)のペースト,https://recipe.r10s.jp/recipe-space/d/strg/ctrl/3/a41977d9b1cf68f0805e7eea3798d9bb025de612.69.2.3.2.jpg,https://recipe.rakuten.co.jp/recipe/1070052438/,3,1,1,"46,51"
30,離乳食【初期】時短！大根ﾍﾟｰｽﾄ,https://recipe.r10s.jp/recipe-space/d/strg/ctrl/3/2cbd00462ba44116dda05e9311452903a94de71d.59.9.3.3.jpg,https://recipe.rakuten.co.jp/recipe/1810031741/,1,1,1,62
31,離乳食【初期】焼き芋で！さつまいもﾍﾟｰｽﾄ,https://recipe.r10s.jp/recipe-space/d/strg/ctrl/3/ed0faa90d236cc4aa7ac7119f94eef0edb4becf6.59.9.3.3.jpg,https://recipe.rakuten.co.jp/recipe/1810031875/,1,1,1,"17,49"
32,離乳食【初期】炊飯器で簡単！にんじんﾍﾟｰｽﾄ,https://recipe.r10s.jp/recipe-space/d/strg/ctrl/3/61385ac0b2b12108a20385634a28178eaa9742d9.59.9.3.3.jpg,https://recipe.rakuten.co.jp/recipe/1810031666/,1,1,1,"35,57"
33,離乳食♡中期 ミルクプリンのいちごソースがけ,https://recipe.r10s.jp/recipe-space/d/strg/ctrl/3/3f48c93fe091be1d361fdbe39a2c45aa12e7c396.61.2.3.2.jpg,https://recipe.rakuten.co.jp/recipe/1030006416/,1,1,1,"45,46,47,48"
34,離乳食の残りで！野菜ポタージュ,https://recipe.r10s.jp/recipe-space/d/strg/ctrl/3/621507de6e9c297286e2afb4348aa0c4e33c0861.38.9.3.3.jpg,https://recipe.rakuten.co.jp/recipe/1970021645/,1,1,1,"17,4,40,55,57,60"
35,離乳食レンジとブレンダーでかぼちゃペースト,https://recipe.r10s.jp/recipe-space/d/strg/ctrl/3/3f27ea59b91afd12049235d9e09a908ba26e1929.35.2.3.2.jpg,https://recipe.rakuten.co.jp/recipe/1290019607/,3,1,1,"17,55"
36,離乳食初期 ブレンダーでじゃがいものストック,https://recipe.r10s.jp/recipe-space/d/strg/ctrl/3/226911e9548656e1c752836d1469ad946f235b9a.29.2.3.2.jpg,https://recipe.rakuten.co.jp/recipe/1070056882/,4,1,1,"17,33"
37,離乳食初期 ブレンダーでパンがゆストック,https://recipe.r10s.jp/recipe-space/d/strg/ctrl/3/6ceec9972478cca73b1e6834568a5234e686ac83.29.2.3.2.jpg,https://recipe.rakuten.co.jp/recipe/1070056948/,2,1,1,"14,17"
38,離乳食初期 レンジで簡単 〜お麩のトロトロ〜,https://recipe.r10s.jp/recipe-space/d/strg/ctrl/3/bb114fc958f0435c453271029bd0fead10e86729.73.2.3.2.jpg,https://recipe.rakuten.co.jp/recipe/1430007596/,1,1,1,"46,58"
39,離乳食初期すりおろしにんじん,https://recipe.r10s.jp/recipe-space/d/strg/ctrl/3/ede16032dc381d98b4312534c663fa4f4bde3c01.82.2.3.2.jpg,https://recipe.rakuten.co.jp/recipe/1820004644/,1,1,1,"17,57"
40,離乳食初期バナナミルク,https://recipe.r10s.jp/recipe-space/d/strg/ctrl/3/2d2f92ead5ea139987c95915113d381ab45a89b0.24.2.3.2.jpg,https://recipe.rakuten.co.jp/recipe/1770020662/,1,1,1,"45,52"
41,離乳食初期〜ひなまつりプレート〜,https://recipe.r10s.jp/recipe-space/d/strg/ctrl/3/4b3b89671daa6507069f0a0326ce8090789a791e.73.2.3.2.jpg,https://recipe.rakuten.co.jp/recipe/1430007619/,4,1,1,"1,56,59"
42,離乳食初期余った野菜ペースト＆粉ミルクのポタージュ,https://recipe.r10s.jp/recipe-space/d/strg/ctrl/3/cb898b8f196875adb4012feaab40bd69abf6c813.61.2.3.2.jpg,https://recipe.rakuten.co.jp/recipe/1030006267/,1,1,1,"16,17,4,40,44,45"
43,離乳食大人のご飯と一緒に。炊飯器で出来る10倍粥,https://recipe.r10s.jp/recipe-space/d/strg/ctrl/3/b886a1c8e0c324582441304a16be0b1f19f4b5cd.35.2.3.2.jpg,https://recipe.rakuten.co.jp/recipe/1290019514/,5,1,1,"1,17"
44,離乳食中期！！レンジでイチゴのみじん切り,https://recipe.r10s.jp/recipe-space/d/strg/ctrl/3/0b8d73db941f4db624b05bec7657399ef5b7a815.83.2.3.2.jpg,https://recipe.rakuten.co.jp/recipe/1470017495/,1,1,1,48
45,【離乳食】ツナ＆ブロッコリーのホワイトソース煮,https://recipe.r10s.jp/recipe-space/d/strg/ctrl/3/0a8c0b3438f83b95a0b243465d7cc70343521e76.16.2.3.2.jpg,https://recipe.rakuten.co.jp/recipe/1090019633/,1,1,2,"44,46,57,66,74,76,81"
46,【離乳食】子供が大好き！油で揚げないフライドポテト,https://recipe.r10s.jp/recipe-space/d/strg/ctrl/3/e7a833d02474a9af15fff2b3a03c6005351b22aa.58.9.3.3.jpg,https://recipe.rakuten.co.jp/recipe/1110030458/,2,1,2,"33,64,74,80"
47,【離乳食】中期〜モグモグさつまいも【ぶんぶん】,https://recipe.r10s.jp/recipe-space/d/strg/ctrl/3/8745dada9e5164ffc2128facf104de24bd591b7d.44.9.3.3.jpg,https://recipe.rakuten.co.jp/recipe/1900024400/,2,1,2,"17,49"
48,【離乳食】中期〜鶏ささみと豆腐の手づかみハンバーグ,https://recipe.r10s.jp/recipe-space/d/strg/ctrl/3/944334423d8736ea99cbd4fc2aa70af04035d887.44.9.3.3.jpg,https://recipe.rakuten.co.jp/recipe/1900024451/,4,2,2,"11,36,57,60,74,80,88,9"
49,【離乳食中期】かぼちゃと豆腐のお焼き,https://recipe.r10s.jp/recipe-space/d/strg/ctrl/3/5c7090e119f6ba1be6a19b175af7629772b0b233.64.2.3.2.jpg,https://recipe.rakuten.co.jp/recipe/1290004525/,3,1,2,"36,55,74"
50,【離乳食中期】炊飯器で７倍粥,https://recipe.r10s.jp/recipe-space/d/strg/ctrl/3/477224b826b027f6d9e028ceee7061e23f36aca6.37.9.3.3.jpg,https://recipe.rakuten.co.jp/recipe/1800033485/,5,1,2,"1,17"
51,【離乳食中期】炊飯器で時短！簡単スープ３種♪,https://recipe.r10s.jp/recipe-space/d/strg/ctrl/3/71cd46f77dfb5c11cc9e526cb6cde97ea5e02f38.37.9.3.3.jpg,https://recipe.rakuten.co.jp/recipe/1800033478/,6,2,2,"33,35,40,56,57,60,81"
52,【離乳食中〜後期】白ダシが決め手の温かうどん,https://recipe.r10s.jp/recipe-space/d/strg/ctrl/3/5b437afa7189b0753c943d765d284601f50c3203.79.9.3.3.jpg,https://recipe.rakuten.co.jp/recipe/1990045585/,3,1,2,"17,2,35,59,62,89,9"
53,7ヶ月～手づかみ離乳食 白身魚の小判焼き 冷凍可♪,https://recipe.r10s.jp/recipe-space/d/strg/ctrl/3/547c92a742cdee0f996b2316bcab3de898eb2766.65.2.3.2.jpg,https://recipe.rakuten.co.jp/recipe/1820003701/,3,2,2,"32,33,57,60,74"
54,いろいろ使える 圧力鍋で煮リンゴ,https://recipe.r10s.jp/recipe-space/d/strg/ctrl/3/51e5ba5831af27c05075abc5866fed2622a28f40.57.2.3.2.jpg,https://recipe.rakuten.co.jp/recipe/1500016655/,2,2,2,"17,83"
55,オートミールとカボチャのおやき離乳食,https://recipe.r10s.jp/recipe-space/d/strg/ctrl/3/e0b541d9465ba3e1a6373133a81266dc834cd4b4.80.2.3.2.jpg,https://recipe.rakuten.co.jp/recipe/1930014813/,2,1,2,"4,53,55,70"
56,きな粉蒸しパン【重曹活用】,https://recipe.r10s.jp/recipe-space/d/strg/ctrl/3/03106d426cc3df242b5c15bd192b5201917f637a.47.2.3.2.jpg,https://recipe.rakuten.co.jp/recipe/1140032714/,2,1,2,"17,70,75,77,78,79,82"
57,バナナと豆腐のおやき(離乳食中期),https://recipe.r10s.jp/recipe-space/d/strg/ctrl/3/19237030b7f429509548fcf84616c14b352d475b.19.9.3.3.jpg,https://recipe.rakuten.co.jp/recipe/1000018225/,1,1,2,"36,52,74"
58,ひき肉とかぼちゃの煮物（離乳食）,https://recipe.r10s.jp/recipe-space/d/strg/ctrl/3/6202547acf4d27541adc837abcce76c23fefaa84.23.2.3.2.jpg,https://recipe.rakuten.co.jp/recipe/1010003143/,3,1,2,"10,11,55,75"
59,ブレンダーで簡単！カボチャスープ離乳食にも,https://recipe.r10s.jp/recipe-space/d/strg/ctrl/3/417abcf5c4edfb6c54a8398c26bcd16d657ec054.80.2.3.2.jpg,https://recipe.rakuten.co.jp/recipe/1930014502/,2,1,2,"4,40,46,55,60,61"
60,胃腸炎、風邪に体にやさしい卵がゆ,https://recipe.r10s.jp/recipe-space/d/strg/ctrl/3/a3690608925ea5cd091231253417528c30307b59.47.2.3.2.jpg,https://recipe.rakuten.co.jp/recipe/1360011382/,4,1,2,"1,17,2,35"
61,甘くておいしいさつまいもの甘煮（離乳食）,https://recipe.r10s.jp/recipe-space/d/strg/ctrl/3/be8779bd21071530cd45316c0f1e3b2eacadf431.96.2.3.2.jpg,https://recipe.rakuten.co.jp/recipe/1860001253/,3,1,2,"11,17,49,75,87"
62,甘さ控えめ⊹きな粉と米粉のふっくらふわふわ蒸しパン,https://recipe.r10s.jp/recipe-space/d/strg/ctrl/3/2e273f62839d847f0231afeca84317fceb29eb40.18.9.3.3.jpg,https://recipe.rakuten.co.jp/recipe/1490016938/,2,1,2,"13,61,70,71,84,85"
63,手づかみ離乳食かぼちゃと鶏むね肉のおやき,https://recipe.r10s.jp/recipe-space/d/strg/ctrl/3/e667934a9cf2a8f976b039f555aa0585a9099b38.64.2.3.2.jpg,https://recipe.rakuten.co.jp/recipe/1480010290/,5,2,2,"55,59,9"
64,手づかみ離乳食さつまいもとかぼちゃのおやき,https://recipe.r10s.jp/recipe-space/d/strg/ctrl/3/81b6d07224806ebf79c5d61fe1263f83e3c9b6ee.70.2.3.2.jpg,https://recipe.rakuten.co.jp/recipe/1240021183/,3,1,2,"49,55,74"
65,手づかみ離乳食じゃがいもと鶏むね肉のおやき,https://recipe.r10s.jp/recipe-space/d/strg/ctrl/3/33b067dd0fe35275e8b87fda8d4ef2b971e664be.64.2.3.2.jpg,https://recipe.rakuten.co.jp/recipe/1480010292/,5,2,2,"33,59,74,9"
66,炊飯器でつくる7部粥 離乳食【中期 7.8ヶ月】,https://recipe.r10s.jp/recipe-space/d/strg/ctrl/3/83b4ab00273e92b1f617d146c8e5e9f9b1280db2.23.9.3.3.jpg,https://recipe.rakuten.co.jp/recipe/1290043669/,1,1,2,"1,17"
67,電子レンジで簡単、りんごの甘煮【離乳食中期～】,https://recipe.r10s.jp/recipe-space/d/strg/ctrl/3/b2487ddd73442ac57b6c81b2a49ae82e6ebeb02c.81.2.3.2.jpg,https://recipe.rakuten.co.jp/recipe/1370002722/,1,1,2,"17,83"
68,離乳食  中期  ツナの下ごしらえ,https://recipe.r10s.jp/recipe-space/d/strg/ctrl/3/878fc74cd62779a5c515730ead2178dd9c18754f.48.2.3.2.jpg,https://recipe.rakuten.co.jp/recipe/1960004005/,3,1,2,"46,76"
69,離乳食  中期  炊飯器で簡単7倍粥,https://recipe.r10s.jp/recipe-space/d/strg/ctrl/3/a0b9a84d50d148a45e9150fd0656dcac3007699d.48.2.3.2.jpg,https://recipe.rakuten.co.jp/recipe/1960003959/,6,1,2,"1,17"
70,離乳食＊手づかみ＊小松菜入りチーズかぼちゃおやき,https://recipe.r10s.jp/recipe-space/d/strg/ctrl/3/d40dd3492882afaece8ce3e42c8d3665fb8e3f04.66.2.3.2.jpg,https://recipe.rakuten.co.jp/recipe/1280006835/,4,2,2,"55,59,6,74,79"
71,離乳食【中期】枝豆のﾎﾟﾀｰｼﾞｭ,https://recipe.r10s.jp/recipe-space/d/strg/ctrl/3/95f9aa6421fd1c7e3c8b370967d8048f4cde7e4c.59.9.3.3.jpg,https://recipe.rakuten.co.jp/recipe/1810032548/,4,1,2,"45,60,86"
72,離乳食♪レンジでイチゴトロトロソース,https://recipe.r10s.jp/recipe-space/d/strg/ctrl/3/e23783099c41d76ba8a7ef9f91ce6f214dcbbb27.64.2.3.2.jpg,https://recipe.rakuten.co.jp/recipe/1960001014/,1,2,2,48
73,離乳食に使うピーマンをお湯で皮をむく方法,https://recipe.r10s.jp/recipe-space/d/strg/ctrl/3/5b8a315f7523616562837fe7f416fa351d212e3a.05.2.3.2.jpg,https://recipe.rakuten.co.jp/recipe/1120013339/,1,1,2,"17,68"
74,離乳食鶏ひき肉の冷凍ストック,https://recipe.r10s.jp/recipe-space/d/strg/ctrl/3/4546360d6471cfbb280e3f499f2e7793d21fed17.60.9.3.3.jpg,https://recipe.rakuten.co.jp/recipe/1480015683/,1,1,2,"17,9"
75,離乳食中期 電子レンジで簡単お麩粥,https://recipe.r10s.jp/recipe-space/d/strg/ctrl/3/c047df7deeef575a54571c204f6ed815094b91eb.16.9.3.3.jpg,https://recipe.rakuten.co.jp/recipe/1480019685/,1,1,2,"46,58"
76,離乳食中期「バナナ」冷凍保存法,https://recipe.r10s.jp/recipe-space/d/strg/ctrl/3/e737259bee662c6b1cd36a0b548ac8ea617dfa93.21.2.3.2.jpg,https://recipe.rakuten.co.jp/recipe/1400031106/,1,1,2,52
77,離乳食中期鮭のフリージング,https://recipe.r10s.jp/recipe-space/d/strg/ctrl/3/7e657dd60b7f81c0d715d86eb6b6e37f74db973f.44.2.3.2.jpg,https://recipe.rakuten.co.jp/recipe/1490004071/,3,1,2,38
78,離乳食中期赤ちゃん用に、炊飯器で同時に5倍がゆ！,https://recipe.r10s.jp/recipe-space/d/strg/ctrl/3/59396d8399fac8b1d786a597084eaa9c331a6830.01.9.3.3.jpg,https://recipe.rakuten.co.jp/recipe/1400033720/,5,1,2,"1,17"
79,離乳食中期〜全卵〜 冷凍OK,https://recipe.r10s.jp/recipe-space/d/strg/ctrl/3/eb5ac3a94da586788b611e6a277fbbfce18f6150.72.9.3.3.jpg,https://recipe.rakuten.co.jp/recipe/1920028274/,1,1,2,2
80,離乳食用バナナの保存方法,https://recipe.r10s.jp/recipe-space/d/strg/ctrl/3/7d421baeef2c47a4e9176ec784e856200532c677.77.2.3.2.jpg,https://recipe.rakuten.co.jp/recipe/1450023880/,1,1,2,52
81,冷凍OK⭐︎離乳食中期〜つかみ食べ用のにんじん〜,https://recipe.r10s.jp/recipe-space/d/strg/ctrl/3/5523aad785140e965fb2937c34c79eb2a2898d5e.72.9.3.3.jpg,https://recipe.rakuten.co.jp/recipe/1920028178/,3,1,2,"17,57"
82,<離乳食>豆乳のクリームシチュー,https://recipe.r10s.jp/recipe-space/d/strg/ctrl/3/cba414e6f2e88ea51ee47a8c901f457c2cb18c33.73.2.3.2.jpg,https://recipe.rakuten.co.jp/recipe/1570015895/,4,2,2,"16,3,33,35,5,57,60,61,66,9"
83,【離乳食】1歳のお誕生日にピッタリの赤ちゃん寿司,https://recipe.r10s.jp/recipe-space/d/strg/ctrl/3/e9dfbd07aa8af42ecaf54095caa6bed62d8f9ccc.58.9.3.3.jpg,https://recipe.rakuten.co.jp/recipe/1110030450/,6,4,3,"1,12,2,34,38,39,50,55,56,64,76,86,93,94,95"
84,【離乳食】後期〜大根と人参のお野菜スティック,https://recipe.r10s.jp/recipe-space/d/strg/ctrl/3/730fe2014ff4680396555c233c5adc5e37c1c2e0.44.9.3.3.jpg,https://recipe.rakuten.co.jp/recipe/1900024794/,4,1,3,"17,57,62"
85,【離乳食】手づかみりんごスティック【後期】,https://recipe.r10s.jp/recipe-space/d/strg/ctrl/3/d1df65b61a6ecee1be582655a43c2eb4d4278286.71.2.3.2.jpg,https://recipe.rakuten.co.jp/recipe/1380011649/,1,1,3,83
86,【離乳食後期～】レンジで鮭フレーク,https://recipe.r10s.jp/recipe-space/d/strg/ctrl/3/56493c33bc50113f94867ad739b025920584fe10.31.2.3.2.jpg,https://recipe.rakuten.co.jp/recipe/1130012375/,3,2,3,38
87,【離乳食後期】鮭と野菜のクリーム煮,https://recipe.r10s.jp/recipe-space/d/strg/ctrl/3/ae888daa74329ced18c2c2e66e7f7da56c83a33d.28.9.3.3.jpg,https://recipe.rakuten.co.jp/recipe/1420020267/,2,2,3,"102,16,3,38,4,5,57,60"
88,【離乳食後期】炊飯器で作る！5倍粥,https://recipe.r10s.jp/recipe-space/d/strg/ctrl/3/9ff1d0990a5a8cafd7a740f800ab513c98856731.65.2.3.2.jpg,https://recipe.rakuten.co.jp/recipe/1060012138/,5,1,3,"1,17"
89,【離乳食後期】炊飯器で作る！軟飯,https://recipe.r10s.jp/recipe-space/d/strg/ctrl/3/604a610d3abc0f0387255f82eab4295772dac33b.65.2.3.2.jpg,https://recipe.rakuten.co.jp/recipe/1060012464/,5,1,3,"1,17"
90,ごま香る簡単焼おにぎり！離乳食後期～,https://recipe.r10s.jp/recipe-space/d/strg/ctrl/3/06bf079f1de692d4534bce10c9787e9fa158a828.66.2.3.2.jpg,https://recipe.rakuten.co.jp/recipe/1030010231/,1,1,3,"1,64,90,91,92"
91,たくさん作って冷凍保存 おからの炒り煮（卯の花）,https://recipe.r10s.jp/recipe-space/d/strg/ctrl/3/a5279f250c5b1f7600c529c56be17f60560923c4.57.2.3.2.jpg,https://recipe.rakuten.co.jp/recipe/1500016780/,2,2,3,"100,11,114,115,35,57,59,9"
92,はじめてのたまごサンド（離乳食完了期）うす味,https://recipe.r10s.jp/recipe-space/d/strg/ctrl/3/bff75dc8248283a93e61ca83b3bb2ea61b8a0899.62.2.3.2.jpg,https://recipe.rakuten.co.jp/recipe/1540003540/,3,1,3,"14,2,34,4,75"
93,離乳食 後期 青のり入りお粥おやき,https://recipe.r10s.jp/recipe-space/d/strg/ctrl/3/85e3d8cf1182134c457c0cf2249370a91ea4bec7.19.2.3.2.jpg,https://recipe.rakuten.co.jp/recipe/1780031343/,1,1,3,"1,64,74"
94,離乳食 手づかみ食べ用ブロッコリー,https://recipe.r10s.jp/recipe-space/d/strg/ctrl/3/9df4b018c03fd2d0074751b594ff317c21a052b1.87.9.3.3.jpg,https://recipe.rakuten.co.jp/recipe/1240054781/,2,1,3,66
95,離乳食 軟飯 90g 一週間分,https://recipe.r10s.jp/recipe-space/d/strg/ctrl/3/1904bc2867245f1010eb28b724294b4310147bf3.44.2.3.2.jpg,https://recipe.rakuten.co.jp/recipe/1230017356/,5,1,3,"1,17"
96,離乳食(後期)長芋のおやき,https://recipe.r10s.jp/recipe-space/d/strg/ctrl/3/ebc746ea0cfcf7adb84c89b8f5bbd601ffcbc3f8.55.2.3.2.jpg,https://recipe.rakuten.co.jp/recipe/1890008804/,2,2,3,"106,57,64,74,80"
97,離乳食きな粉パンロール,https://recipe.r10s.jp/recipe-space/d/strg/ctrl/3/16dd956d36b78e99c4f9297c698401a719fd9ca1.65.2.3.2.jpg,https://recipe.rakuten.co.jp/recipe/1480012199/,1,1,3,"14,46,70"
98,離乳食に♪おやつに♪さつまいもおやき（プレーン味）,https://recipe.r10s.jp/recipe-space/d/strg/ctrl/3/ac388a545d253baf78d9a77bb1adb7cc74f9d85c.19.2.3.2.jpg,https://recipe.rakuten.co.jp/recipe/1080004179/,2,2,3,"4,49,74"
99,離乳食後期 : バナナロール,https://recipe.r10s.jp/recipe-space/d/strg/ctrl/3/9a263a3470e190c05d57c38e16516b720955479e.35.9.3.3.jpg,https://recipe.rakuten.co.jp/recipe/1480016842/,3,1,3,"113,14,52"
100,離乳食後期 ひき肉と野菜のあんかけご飯,https://recipe.r10s.jp/recipe-space/d/strg/ctrl/3/0f13155ebf12dc7d5a4c59a42fb60d4ff2036b8d.08.2.3.2.jpg,https://recipe.rakuten.co.jp/recipe/1170009606/,3,1,3,"1,10,102,11,35,69,74"
101,離乳食後期 豆腐野菜おやき,https://recipe.r10s.jp/recipe-space/d/strg/ctrl/3/79b4eeeaddb5f16ef18a5003a35823cb7973eb82.40.9.3.3.jpg,https://recipe.rakuten.co.jp/recipe/1640043254/,3,1,3,"36,64,65,74,77"
102,離乳食後期～手づかみ食べに！豆腐ハンバーグ,https://recipe.r10s.jp/recipe-space/d/strg/ctrl/3/9ff982da59bfc1ea428d793f3412c5fc6da7f7c7.70.2.3.2.jpg,https://recipe.rakuten.co.jp/recipe/1070040366/,2,2,3,"11,36,57,59,60,74,80,9"
103,離乳食後期きんぴらごぼう,https://recipe.r10s.jp/recipe-space/d/strg/ctrl/3/214dd2115fb199ea358b0b26799ba9ae845c7f85.24.2.3.2.jpg,https://recipe.rakuten.co.jp/recipe/1770021308/,2,1,3,"109,11,57,75,90"
104,離乳食粉ミルク入りクッキー,https://recipe.r10s.jp/recipe-space/d/strg/ctrl/3/a4aa5da3bcf1385722bea85c9ccd2e211c1091fe.91.2.3.2.jpg,https://recipe.rakuten.co.jp/recipe/1190009427/,3,1,3,"101,17,45,5,75"
105,【離乳食 後期】赤ちゃんも食べられるすき焼き♡,https://recipe.r10s.jp/recipe-space/d/strg/ctrl/3/a432f9ca44261aac14d9ffdefbade8003f5791ce.92.2.3.2.jpg,https://recipe.rakuten.co.jp/recipe/1650006607/,1,1,4,"100,11,110,111,112,17,36,37,75"
106,【離乳食】完了期〜ささみの青海苔ピカタ【手づかみ】,https://recipe.r10s.jp/recipe-space/d/strg/ctrl/3/321bab3c3d746fdf763319718b741fee9590c37e.44.9.3.3.jpg,https://recipe.rakuten.co.jp/recipe/1900025259/,3,2,4,"2,5,64,80,9"
107,【離乳食】完了期〜ポテトサラダ【大人と取分けOK】,https://recipe.r10s.jp/recipe-space/d/strg/ctrl/3/0a85319b87e9183064f8fac202d7bb38d6b2120c.44.9.3.3.jpg,https://recipe.rakuten.co.jp/recipe/1900025365/,2,2,4,"11,16,33,34,4,57"
108,【離乳食完了期】茄子のお浸し,https://recipe.r10s.jp/recipe-space/d/strg/ctrl/3/6892959c9f4587193ea9ce5588a29d7dfe46e055.48.9.3.3.jpg,https://recipe.rakuten.co.jp/recipe/1270027345/,3,1,4,"107,11,17,35,73,75,87,91"
109,【離乳食完了期】簡単！ケチャップミートボール,https://recipe.r10s.jp/recipe-space/d/strg/ctrl/3/82b86b2941c953cb2c2087e9edfcf1cfd0d89e15.88.9.3.3.jpg,https://recipe.rakuten.co.jp/recipe/1370025020/,4,3,4,"15,17,2,24,31,40,56,60,75"
110,【離乳食完了期】厚揚げ豆腐とひき肉のあんかけ,https://recipe.r10s.jp/recipe-space/d/strg/ctrl/3/488f60cb9fbe8aa466db448ebc51dd8b434de154.88.9.3.3.jpg,https://recipe.rakuten.co.jp/recipe/1370025042/,2,3,4,"11,112,115,17,24,35,57,74,75"
111,【離乳食完了期】肉野菜炒め,https://recipe.r10s.jp/recipe-space/d/strg/ctrl/3/5f21b2034bc3b19b71253bba9ff81b078531fd32.79.9.3.3.jpg,https://recipe.rakuten.co.jp/recipe/1990047269/,3,2,4,"10,11,16,57,59,97"
112,1歳～ お子様牛丼,https://recipe.r10s.jp/recipe-space/d/strg/ctrl/3/cdfd2a10d9cdcca5a95f2db3b112046141841979.01.2.3.2.jpg,https://recipe.rakuten.co.jp/recipe/1280018814/,3,1,4,"1,11,17,35,37,60,75"
113,１歳児の離乳食＆幼児食♡ミニハンバーグ,https://recipe.r10s.jp/recipe-space/d/strg/ctrl/3/f8a0043128ab09ebbb15608ce10f81a2a549413f.96.2.3.2.jpg,https://recipe.rakuten.co.jp/recipe/1100016510/,2,2,4,"10,16,36,57,60,74"
114,こどものおやつに！簡単きな粉食パン,https://recipe.r10s.jp/recipe-space/d/strg/ctrl/3/0707678c8912a5b2f457c2e17cc8ce6d4fb429a0.97.2.3.2.jpg,https://recipe.rakuten.co.jp/recipe/1980024936/,1,1,4,"14,16,3,70,75"
115,簡単♡あんかけ豆腐ハンバーグ 離乳食･幼児食･弁当,https://recipe.r10s.jp/recipe-space/d/strg/ctrl/3/e81b36ee895a39af64a36eafbfc3118bfe7e6d26.61.2.3.2.jpg,https://recipe.rakuten.co.jp/recipe/1030010623/,4,2,4,"11,16,31,34,35,36,44,74,75,87,9,96"
116,子供と一緒に！お豆腐入りナゲット,https://recipe.r10s.jp/recipe-space/d/strg/ctrl/3/6f4409fa62c8b61ad9bb8f29d51cce49953f2ad2.07.2.3.2.jpg,https://recipe.rakuten.co.jp/recipe/1120012731/,2,2,4,"16,34,36,74,79,9"
117,親子丼〜離乳食完了期から取り分けＯＫ〜,https://recipe.r10s.jp/recipe-space/d/strg/ctrl/3/8c590de23808e2311cd26c68baf6ff6a85c9bcc8.49.9.3.3.jpg,https://recipe.rakuten.co.jp/recipe/1150022245/,2,3,4,"11,110,17,2,35,60,75,87,9,92"
118,幼児食 お子ちゃま大好き甘辛つくね,https://recipe.r10s.jp/recipe-space/d/strg/ctrl/3/8307a0199b074466720e875d4f1aadef5743f503.99.2.3.2.jpg,https://recipe.rakuten.co.jp/recipe/1730016295/,3,1,4,"11,110,24,31,57,74,75,87,96"
119,幼児食 牛肉のしぐれ煮,https://recipe.r10s.jp/recipe-space/d/strg/ctrl/3/4583ff5f3777bd56561bf637088eeb7fe194f261.28.2.3.2.jpg,https://recipe.rakuten.co.jp/recipe/1740019409/,2,3,4,"11,37,60,75,87"
120,離乳食&幼児食きなこトースト,https://recipe.r10s.jp/recipe-space/d/strg/ctrl/3/ef222d863c342737c32dac6d52cdf28360bee4c8.68.2.3.2.jpg,https://recipe.rakuten.co.jp/recipe/1350019762/,1,1,4,"14,4,70,75"
121,離乳食、幼児食に⭐優しい甘さのさくさくクッキー,https://recipe.r10s.jp/recipe-space/d/strg/ctrl/3/ea661b81e8a8172f3c2a3ea18b571c6ca8f4d430.30.9.3.3.jpg,https://recipe.rakuten.co.jp/recipe/1240062684/,5,1,4,"2,3,4,74,75,77"
122,離乳食完了期 1歳 鶏モモ肉の煮物,https://recipe.r10s.jp/recipe-space/d/strg/ctrl/3/19166e5ec7783609c27a338a3fdffe5960362c49.05.2.3.2.jpg,https://recipe.rakuten.co.jp/recipe/1120014171/,4,2,4,"100,11,17,57,62,75,9"
123,離乳食完了期 1歳からの柔らかい照り焼きチキン,https://recipe.r10s.jp/recipe-space/d/strg/ctrl/3/6aa1a27a1acee279ce8d668a4594d661aa110ef5.05.2.3.2.jpg,https://recipe.rakuten.co.jp/recipe/1120014159/,3,2,4,"103,11,87,9"
124,離乳食完了期 1歳も美味しく食べれる生姜焼き,https://recipe.r10s.jp/recipe-space/d/strg/ctrl/3/e884841c7991a9d6985e33c1cde6aa703c2a3db6.05.2.3.2.jpg,https://recipe.rakuten.co.jp/recipe/1120014248/,2,2,4,"10,104,11,17,60,75,87"
125,離乳食完了期♡野菜たっぷり卵雑炊♡,https://recipe.r10s.jp/recipe-space/d/strg/ctrl/3/9dfac4188e681becf9658630f8f9c8d24d41b3fc.64.9.3.3.jpg,https://recipe.rakuten.co.jp/recipe/1430019875/,2,3,4,"1,102,11,17,2,35,57,60,97"
126,離乳食完了期から♪鶏むね肉の漬け焼き青のり風味,https://recipe.r10s.jp/recipe-space/d/strg/ctrl/3/5b0fde35ade7c260b2f194889852ca7058ddc330.68.9.3.3.jpg,https://recipe.rakuten.co.jp/recipe/1350021780/,6,1,4,"11,64,74,75,79,9,96"
127,離乳食完了期からふわふわ卵焼き,https://recipe.r10s.jp/recipe-space/d/strg/ctrl/3/6de8670989ee10f194d7672c02cc458b3e6a004a.72.9.3.3.jpg,https://recipe.rakuten.co.jp/recipe/1680011955/,3,1,4,"2,34,35,4"
128,離乳食後期♪大根の煮物,https://recipe.r10s.jp/recipe-space/d/strg/ctrl/3/6766de44b32ee2e6dd654e6c200aae348a1fbc7e.25.2.3.2.jpg,https://recipe.rakuten.co.jp/recipe/1970007838/,2,1,4,"11,62,75,87"
129,【離乳食初期から】炊飯器でさつまいも【掴み食べ】,https://recipe.r10s.jp/recipe-space/d/strg/ctrl/3/8e757690e51fddadeaf92c4fee16a85df335d325.71.2.3.2.jpg,https://recipe.rakuten.co.jp/recipe/1380011790/,5,1,"1,2","17,49"
130,丸ごとドン！炊飯と一緒に蒸し野菜。離乳食にも！,https://recipe.r10s.jp/recipe-space/d/strg/ctrl/3/5c81cb9fcd55e8949208e2a9f066a1a86aff441a.35.9.3.3.jpg,https://recipe.rakuten.co.jp/recipe/1810034093/,5,1,"1,2","1,17,57,62"
131,台所脱出！手抜きで子は育つ！炊飯器におまかせ離乳食,https://recipe.r10s.jp/recipe-space/d/strg/ctrl/3/916120e9debf8d97b4cfdd6d6a3387f5a7c74340.44.2.3.2.jpg,https://recipe.rakuten.co.jp/recipe/1760032372/,6,3,"1,2","28,33,55,57,60,62,65,66,67,68"
132,離乳食 オレンジペースト,https://recipe.r10s.jp/recipe-space/d/strg/ctrl/3/cf5d59f011bcaa3889bfb066c8a58984e84837bc.10.9.3.3.jpg,https://recipe.rakuten.co.jp/recipe/1710069354/,1,2,"1,2",63
133,離乳食 さつまいもと小松菜の豆乳ポタージュ♩,https://recipe.r10s.jp/recipe-space/d/strg/ctrl/3/0cf107e4e014e8b32346b22a8cd2078a6969851b.59.9.3.3.jpg,https://recipe.rakuten.co.jp/recipe/1430023371/,2,1,"1,2","49,59,60,61"
134,フライパンで簡単きな粉蒸しパン【離乳食】,https://recipe.r10s.jp/recipe-space/d/strg/ctrl/3/ff73ef1a1ba5014459b98ffee475028b58dd29d8.86.2.3.2.jpg,https://recipe.rakuten.co.jp/recipe/1890009067/,2,1,"1,2,3,4","4,5,70,71"
135,【離乳食中期〜】ぱくぱく食べるささみの作り置き,https://recipe.r10s.jp/recipe-space/d/strg/ctrl/3/c8c88fec712893a12b997b8a7805409bd849135f.56.2.3.2.jpg,https://recipe.rakuten.co.jp/recipe/1220022498/,2,2,"2,3","17,74,9"
136,【離乳食中期】手づかみ食べに◎じゃがいものおやき,https://recipe.r10s.jp/recipe-space/d/strg/ctrl/3/a68df8bd3104e680458277bf5204a18b96f72b35.56.2.3.2.jpg,https://recipe.rakuten.co.jp/recipe/1220022555/,2,1,"2,3","33,57,74"
137,ふわふわハンバーグ手づかみ離乳食,https://recipe.r10s.jp/recipe-space/d/strg/ctrl/3/8d868b36a7311e3a103fed154606e07e3235c1e0.80.2.3.2.jpg,https://recipe.rakuten.co.jp/recipe/1930014476/,4,2,"2,3,4","10,2,31,36,57"
138,レンジで1分！豆腐でフワフワたまご焼き離乳食,https://recipe.r10s.jp/recipe-space/d/strg/ctrl/3/f68b9c1aca245b9ac766039d4e2c5f7f97764f8e.80.2.3.2.jpg,https://recipe.rakuten.co.jp/recipe/1930014571/,1,1,"2,3,4","2,36,65"
139,離乳食 掴み食べ用さつまいも,https://recipe.r10s.jp/recipe-space/d/strg/ctrl/3/e06bcfdc6416ed0f794694262645a06244960b8f.57.9.3.3.jpg,https://recipe.rakuten.co.jp/recipe/1250015938/,4,2,"2,3,4",49
140,離乳食＊レンジで簡単！蒸しパン＊おやつ,https://recipe.r10s.jp/recipe-space/d/strg/ctrl/3/f4cd49d16355b632800abc7de873c1768c51f8ff.81.2.3.2.jpg,https://recipe.rakuten.co.jp/recipe/1640035150/,1,1,"2,3,4","4,5,71,75"
141,【離乳食/幼児食】大人も一緒に！真鯛の炊き込みご飯,https://recipe.r10s.jp/recipe-space/d/strg/ctrl/3/c58b1f5588c526c71d28bb8f1a214b322e65aede.58.9.3.3.jpg,https://recipe.rakuten.co.jp/recipe/1110030709/,5,2,"3,4","1,11,17,35,50,57,87,96,97"
142,【離乳食】野菜たっぷり赤ちゃん餃子,https://recipe.r10s.jp/recipe-space/d/strg/ctrl/3/1a70b4c1f7232b6518be2ae3c4669c2967c4c887.58.9.3.3.jpg,https://recipe.rakuten.co.jp/recipe/1110030959/,4,2,"3,4","10,11,13,28,98,99"
143,【離乳食完了期】タラのムニエル,https://recipe.r10s.jp/recipe-space/d/strg/ctrl/3/c44098aae1be7dfc0d540f5191714f2a320dd841.89.2.3.2.jpg,https://recipe.rakuten.co.jp/recipe/1460032641/,2,3,"3,4","3,5,51"
144,【離乳食後期〜】コーンとほうれん草のバター醤油炒め,https://recipe.r10s.jp/recipe-space/d/strg/ctrl/3/8c49eb88eee9a17be2e5324d0946a39ab56f63d2.88.9.3.3.jpg,https://recipe.rakuten.co.jp/recipe/1370024984/,3,2,"3,4","102,11,3,39,57"
145,【離乳食後期】タラの青海苔ムニエル,https://recipe.r10s.jp/recipe-space/d/strg/ctrl/3/882ef15772e6ea36f4d68898a2258ac22a37609b.44.2.3.2.jpg,https://recipe.rakuten.co.jp/recipe/1090043449/,1,1,"3,4","11,3,51,64,74"
146,【離乳食後期】ひき肉の炊き込みごはん,https://recipe.r10s.jp/recipe-space/d/strg/ctrl/3/24c2ecc2245f59e936808bb5b4f79057e438eb93.46.9.3.3.jpg,https://recipe.rakuten.co.jp/recipe/1110031262/,5,2,"3,4","1,100,11,24,57,87,88"
147,【離乳食後期〜】ほうれん草と人参の胡麻和え,https://recipe.r10s.jp/recipe-space/d/strg/ctrl/3/b745ab6266d8df05c663e5ff9e521af774e09854.88.9.3.3.jpg,https://recipe.rakuten.co.jp/recipe/1370024947/,3,2,"3,4","102,11,35,57,75,90"
148,【離乳食後期〜】焼き芋米粉蒸しパン,https://recipe.r10s.jp/recipe-space/d/strg/ctrl/3/4b51076e6787647ca57e268d270759d36ed8501f.78.9.3.3.jpg,https://recipe.rakuten.co.jp/recipe/1940031413/,2,3,"3,4","4,49,70,71,84"
149,【離乳食後期〜】赤ちゃんシュウマイ,https://recipe.r10s.jp/recipe-space/d/strg/ctrl/3/437ab35b6cc79def863ee59c6c1ae9650856065b.78.9.3.3.jpg,https://recipe.rakuten.co.jp/recipe/1940031368/,4,2,"3,4","10,100,105,36,39,60,74"
150,ねちゃねちゃしない軟飯,https://recipe.r10s.jp/recipe-space/d/strg/ctrl/3/074b30e0b69e0d824bd7faa3c495fc63fcdf7378.93.9.3.3.jpg,https://recipe.rakuten.co.jp/recipe/1910013577/,1,1,"3,4","1,17"
151,簡単！じゃがいもおやき♡ 離乳食,https://recipe.r10s.jp/recipe-space/d/strg/ctrl/3/042ef89ffdd38651648b0a16dfc425b46a3c2a72.96.2.3.2.jpg,https://recipe.rakuten.co.jp/recipe/1700015649/,2,1,"3,4","33,4,40,64,74"
152,鶏むねで節約!【鶏つくね】離乳食にも◎,https://recipe.r10s.jp/recipe-space/d/strg/ctrl/3/ff4cf0465073bf3d4d6a0ca4327c9d780134e5e5.59.2.3.2.jpg,https://recipe.rakuten.co.jp/recipe/1980033093/,2,1,"3,4","104,11,13,16,17,60,74,75,87,9"
153,残り物リメイクポトフチーズリゾット,https://recipe.r10s.jp/recipe-space/d/strg/ctrl/3/5aa3487c0980738ad1df54dfa2d673c38f71c1ea.39.9.3.3.jpg,https://recipe.rakuten.co.jp/recipe/1620001849/,2,1,"3,4","1,116,117,118,6"
154,赤ちゃんの柔らかスクランブルエッグ離乳食後期,https://recipe.r10s.jp/recipe-space/d/strg/ctrl/3/153ce57906533b49142bd0310baed4f83b11c80d.94.9.3.3.jpg,https://recipe.rakuten.co.jp/recipe/1080035604/,1,1,"3,4","2,4,79,92"
155,米粉ときなこのパンケーキ 離乳食にも！,https://recipe.r10s.jp/recipe-space/d/strg/ctrl/3/79f775ff9b763dfb452ca7db486a4eb4450806f9.71.9.3.3.jpg,https://recipe.rakuten.co.jp/recipe/1980043393/,2,3,"3,4","61,70,75,84"
156,野菜たっぷりビビンバ【離乳食後期】,https://recipe.r10s.jp/recipe-space/d/strg/ctrl/3/5c3fd685a9dc352f4b1a869ea70b81e66af00bd0.04.9.3.3.jpg,https://recipe.rakuten.co.jp/recipe/1720062045/,4,3,"3,4","108,11,24,35,57,59,75"
157,離乳食完了期1歳からの豚肉ハンバーグ＆豚つくね,https://recipe.r10s.jp/recipe-space/d/strg/ctrl/3/5ee4634dcae1c1de6b8876908e86bc729ee28f31.30.9.3.3.jpg,https://recipe.rakuten.co.jp/recipe/1430021056/,4,2,"3,4","10,103,11,17,34,36,60,74,75,87"
158,離乳食完了期に大活躍！肉じゃが,https://recipe.r10s.jp/recipe-space/d/strg/ctrl/3/20f57074cd580aee74c26e58a8b7654e0cc51cef.59.9.3.3.jpg,https://recipe.rakuten.co.jp/recipe/1450029084/,4,2,"3,4","11,17,24,33,57,60,74,75,87,97"
159,離乳食後期＊手づかみ＊豆腐ステーキのおかかまぶし,https://recipe.r10s.jp/recipe-space/d/strg/ctrl/3/74b0151aa86e77c0699ed60c6e461ab4a0c221d6.66.2.3.2.jpg,https://recipe.rakuten.co.jp/recipe/1280007066/,2,1,"3,4","11,36,74,79,91"
160,離乳食後期・完了期や1歳も食べれる かぼちゃの煮物,https://recipe.r10s.jp/recipe-space/d/strg/ctrl/3/1b1c5c9bb2fd8764a4ea5fdc54bbfdc1fa867fc1.05.9.3.3.jpg,https://recipe.rakuten.co.jp/recipe/1120014240/,2,1,"3,4","11,17,55,75,91"
161,離乳食米粉のふんわりパンケーキ,https://recipe.r10s.jp/recipe-space/d/strg/ctrl/3/1ebfcc0cc022979069f4d65b96eb5deb64bd7b0d.31.9.3.3.jpg,https://recipe.rakuten.co.jp/recipe/1390052845/,2,2,"3,4","13,16,2,4,71,75,84"
162,離乳食完了期 1歳も美味しく食べれる生姜焼き,https://recipe.r10s.jp/recipe-space/d/strg/ctrl/3/e884841c7991a9d6985e33c1cde6aa703c2a3db6.05.2.3.2.jpg,https://recipe.rakuten.co.jp/recipe/1120014248/,2,2,4,"10,104,11,17,60,75,87"
163,親子丼〜離乳食完了期から取り分けＯＫ〜,https://recipe.r10s.jp/recipe-space/d/strg/ctrl/3/8c590de23808e2311cd26c68baf6ff6a85c9bcc8.49.9.3.3.jpg,https://recipe.rakuten.co.jp/recipe/1150022245/,2,3,4,"11,110,17,2,35,60,75,87,9,92"
164,離乳食、幼児食に⭐優しい甘さのさくさくクッキー,https://recipe.r10s.jp/recipe-space/d/strg/ctrl/3/ea661b81e8a8172f3c2a3ea18b571c6ca8f4d430.30.9.3.3.jpg,https://recipe.rakuten.co.jp/recipe/1240062684/,5,1,4,"2,3,4,74,75,77"
165,離乳食 掴み食べ用さつまいも,https://recipe.r10s.jp/recipe-space/d/strg/ctrl/3/e06bcfdc6416ed0f794694262645a06244960b8f.57.9.3.3.jpg,https://recipe.rakuten.co.jp/recipe/1250015938/,4,2,4,49
166,【離乳食完了期】茄子のお浸し,https://recipe.r10s.jp/recipe-space/d/strg/ctrl/3/6892959c9f4587193ea9ce5588a29d7dfe46e055.48.9.3.3.jpg,https://recipe.rakuten.co.jp/recipe/1270027345/,3,1,4,"107,11,17,35,73,75,87,91"
167,離乳食後期＊手づかみ＊豆腐ステーキのおかかまぶし,https://recipe.r10s.jp/recipe-space/d/strg/ctrl/3/74b0151aa86e77c0699ed60c6e461ab4a0c221d6.66.2.3.2.jpg,https://recipe.rakuten.co.jp/recipe/1280007066/,2,1,4,"11,36,74,79,91"
168,1歳～ お子様牛丼,https://recipe.r10s.jp/recipe-space/d/strg/ctrl/3/cdfd2a10d9cdcca5a95f2db3b112046141841979.01.2.3.2.jpg,https://recipe.rakuten.co.jp/recipe/1280018814/,3,1,4,"1,11,17,35,37,60,75"
169,離乳食&幼児食きなこトースト,https://recipe.r10s.jp/recipe-space/d/strg/ctrl/3/ef222d863c342737c32dac6d52cdf28360bee4c8.68.2.3.2.jpg,https://recipe.rakuten.co.jp/recipe/1350019762/,1,1,4,"14,4,70,75"
170,離乳食完了期から♪鶏むね肉の漬け焼き青のり風味,https://recipe.r10s.jp/recipe-space/d/strg/ctrl/3/5b0fde35ade7c260b2f194889852ca7058ddc330.68.9.3.3.jpg,https://recipe.rakuten.co.jp/recipe/1350021780/,6,1,4,"11,64,74,75,79,9,96"
171,【離乳食後期〜】ほうれん草と人参の胡麻和え,https://recipe.r10s.jp/recipe-space/d/strg/ctrl/3/b745ab6266d8df05c663e5ff9e521af774e09854.88.9.3.3.jpg,https://recipe.rakuten.co.jp/recipe/1370024947/,3,1,4,"102,11,35,57,75,90"
172,【離乳食後期〜】コーンとほうれん草のバター醤油炒め,https://recipe.r10s.jp/recipe-space/d/strg/ctrl/3/8c49eb88eee9a17be2e5324d0946a39ab56f63d2.88.9.3.3.jpg,https://recipe.rakuten.co.jp/recipe/1370024984/,3,1,4,"102,11,3,39,57"
173,【離乳食完了期】簡単！ケチャップミートボール,https://recipe.r10s.jp/recipe-space/d/strg/ctrl/3/82b86b2941c953cb2c2087e9edfcf1cfd0d89e15.88.9.3.3.jpg,https://recipe.rakuten.co.jp/recipe/1370025020/,4,3,4,"15,17,2,24,31,40,56,60,75"
174,【離乳食完了期】厚揚げ豆腐とひき肉のあんかけ,https://recipe.r10s.jp/recipe-space/d/strg/ctrl/3/488f60cb9fbe8aa466db448ebc51dd8b434de154.88.9.3.3.jpg,https://recipe.rakuten.co.jp/recipe/1370025042/,2,3,4,"11,112,115,17,24,35,57,74,75"
175,離乳食米粉のふんわりパンケーキ,https://recipe.r10s.jp/recipe-space/d/strg/ctrl/3/1ebfcc0cc022979069f4d65b96eb5deb64bd7b0d.31.9.3.3.jpg,https://recipe.rakuten.co.jp/recipe/1390052845/,2,2,4,"103,16,2,4,71,75,84"
176,離乳食完了期♡野菜たっぷり卵雑炊♡,https://recipe.r10s.jp/recipe-space/d/strg/ctrl/3/9dfac4188e681becf9658630f8f9c8d24d41b3fc.64.9.3.3.jpg,https://recipe.rakuten.co.jp/recipe/1430019875/,2,3,4,"1,102,11,17,2,35,57,60,97"
177,離乳食完了期1歳からの豚肉ハンバーグ＆豚つくね,https://recipe.r10s.jp/recipe-space/d/strg/ctrl/3/5ee4634dcae1c1de6b8876908e86bc729ee28f31.30.9.3.3.jpg,https://recipe.rakuten.co.jp/recipe/1430021056/,4,2,4,"10,103,11,17,34,36,60,74,75,87"
178,離乳食完了期に大活躍！肉じゃが,https://recipe.r10s.jp/recipe-space/d/strg/ctrl/3/20f57074cd580aee74c26e58a8b7654e0cc51cef.59.9.3.3.jpg,https://recipe.rakuten.co.jp/recipe/1450029084/,4,2,4,"11,17,24,33,57,60,74,75,87,97"
179,【離乳食完了期】タラのムニエル,https://recipe.r10s.jp/recipe-space/d/strg/ctrl/3/c44098aae1be7dfc0d540f5191714f2a320dd841.89.2.3.2.jpg,https://recipe.rakuten.co.jp/recipe/1460032641/,2,3,4,"3,5,51"
180,残り物リメイクポトフチーズリゾット,https://recipe.r10s.jp/recipe-space/d/strg/ctrl/3/5aa3487c0980738ad1df54dfa2d673c38f71c1ea.39.9.3.3.jpg,https://recipe.rakuten.co.jp/recipe/1620001849/,2,1,4,"1,117,118,44,6"
181,離乳食＊レンジで簡単！蒸しパン＊おやつ,https://recipe.r10s.jp/recipe-space/d/strg/ctrl/3/f4cd49d16355b632800abc7de873c1768c51f8ff.81.2.3.2.jpg,https://recipe.rakuten.co.jp/recipe/1640035150/,1,1,4,"4,5,71,75"
182,【離乳食 後期】赤ちゃんも食べられるすき焼き♡,https://recipe.r10s.jp/recipe-space/d/strg/ctrl/3/a432f9ca44261aac14d9ffdefbade8003f5791ce.92.2.3.2.jpg,https://recipe.rakuten.co.jp/recipe/1650006607/,1,1,4,"100,11,110,111,112,17,36,37,75"
183,離乳食完了期からふわふわ卵焼き,https://recipe.r10s.jp/recipe-space/d/strg/ctrl/3/6de8670989ee10f194d7672c02cc458b3e6a004a.72.9.3.3.jpg,https://recipe.rakuten.co.jp/recipe/1680011955/,3,1,4,"2,34,35,4"
184,簡単！じゃがいもおやき♡ 離乳食,https://recipe.r10s.jp/recipe-space/d/strg/ctrl/3/042ef89ffdd38651648b0a16dfc425b46a3c2a72.96.2.3.2.jpg,https://recipe.rakuten.co.jp/recipe/1700015649/,2,1,4,"33,4,40,64,74"
185,野菜たっぷりビビンバ【離乳食後期】,https://recipe.r10s.jp/recipe-space/d/strg/ctrl/3/5c3fd685a9dc352f4b1a869ea70b81e66af00bd0.04.9.3.3.jpg,https://recipe.rakuten.co.jp/recipe/1720062045/,4,3,4,"108,11,35,57,59,75,9"
186,幼児食 お子ちゃま大好き甘辛つくね,https://recipe.r10s.jp/recipe-space/d/strg/ctrl/3/8307a0199b074466720e875d4f1aadef5743f503.99.2.3.2.jpg,https://recipe.rakuten.co.jp/recipe/1730016295/,3,1,4,"11,110,24,31,57,74,75,87,96"
187,幼児食 牛肉のしぐれ煮,https://recipe.r10s.jp/recipe-space/d/strg/ctrl/3/4583ff5f3777bd56561bf637088eeb7fe194f261.28.2.3.2.jpg,https://recipe.rakuten.co.jp/recipe/1740019409/,2,3,4,"11,37,60,75,87"
188,フライパンで簡単きな粉蒸しパン【離乳食】,https://recipe.r10s.jp/recipe-space/d/strg/ctrl/3/ff73ef1a1ba5014459b98ffee475028b58dd29d8.86.2.3.2.jpg,https://recipe.rakuten.co.jp/recipe/1890009067/,2,1,4,"4,5,70,71"
189,【離乳食】完了期〜ささみの青海苔ピカタ【手づかみ】,https://recipe.r10s.jp/recipe-space/d/strg/ctrl/3/321bab3c3d746fdf763319718b741fee9590c37e.44.9.3.3.jpg,https://recipe.rakuten.co.jp/recipe/1900025259/,3,2,4,"2,5,64,80,9"
190,【離乳食】完了期〜ポテトサラダ【大人と取分けOK】,https://recipe.r10s.jp/recipe-space/d/strg/ctrl/3/0a85319b87e9183064f8fac202d7bb38d6b2120c.44.9.3.3.jpg,https://recipe.rakuten.co.jp/recipe/1900025365/,2,2,4,"11,16,33,34,4,57"
191,ねちゃねちゃしない軟飯,https://recipe.r10s.jp/recipe-space/d/strg/ctrl/3/074b30e0b69e0d824bd7faa3c495fc63fcdf7378.93.9.3.3.jpg,https://recipe.rakuten.co.jp/recipe/1910013577/,1,1,4,"1,17"
192,ふわふわハンバーグ手づかみ離乳食,https://recipe.r10s.jp/recipe-space/d/strg/ctrl/3/8d868b36a7311e3a103fed154606e07e3235c1e0.80.2.3.2.jpg,https://recipe.rakuten.co.jp/recipe/1930014476/,4,2,4,"10,2,31,36,57"
193,レンジで1分！豆腐でフワフワたまご焼き離乳食,https://recipe.r10s.jp/recipe-space/d/strg/ctrl/3/f68b9c1aca245b9ac766039d4e2c5f7f97764f8e.80.2.3.2.jpg,https://recipe.rakuten.co.jp/recipe/1930014571/,1,1,4,"2,36,65"
194,【離乳食後期〜】赤ちゃんシュウマイ,https://recipe.r10s.jp/recipe-space/d/strg/ctrl/3/437ab35b6cc79def863ee59c6c1ae9650856065b.78.9.3.3.jpg,https://recipe.rakuten.co.jp/recipe/1940031368/,4,2,4,"10,100,105,36,39,60,74"
195,【離乳食後期〜】焼き芋米粉蒸しパン,https://recipe.r10s.jp/recipe-space/d/strg/ctrl/3/4b51076e6787647ca57e268d270759d36ed8501f.78.9.3.3.jpg,https://recipe.rakuten.co.jp/recipe/1940031413/,2,3,4,"4,49,70,71,84"
196,離乳食後期♪大根の煮物,https://recipe.r10s.jp/recipe-space/d/strg/ctrl/3/6766de44b32ee2e6dd654e6c200aae348a1fbc7e.25.2.3.2.jpg,https://recipe.rakuten.co.jp/recipe/1970007838/,2,1,4,"11,62,75,87"
197,こどものおやつに！簡単きな粉食パン,https://recipe.r10s.jp/recipe-space/d/strg/ctrl/3/0707678c8912a5b2f457c2e17cc8ce6d4fb429a0.97.2.3.2.jpg,https://recipe.rakuten.co.jp/recipe/1980024936/,1,1,4,"14,16,3,70,75"
198,鶏むねで節約!【鶏つくね】離乳食にも◎,https://recipe.r10s.jp/recipe-space/d/strg/ctrl/3/ff4cf0465073bf3d4d6a0ca4327c9d780134e5e5.59.2.3.2.jpg,https://recipe.rakuten.co.jp/recipe/1980033093/,2,1,4,"104,11,13,16,17,60,74,75,87,9"
199,米粉ときなこのパンケーキ 離乳食にも！,https://recipe.r10s.jp/recipe-space/d/strg/ctrl/3/79f775ff9b763dfb452ca7db486a4eb4450806f9.71.9.3.3.jpg,https://recipe.rakuten.co.jp/recipe/1980043393/,2,3,4,"61,70,75,84"
200,【離乳食完了期】肉野菜炒め,https://recipe.r10s.jp/recipe-space/d/strg/ctrl/3/5f21b2034bc3b19b71253bba9ff81b078531fd32.79.9.3.3.jpg,https://recipe.rakuten.co.jp/recipe/1990047269/,3,2,4,"10,11,16,57,59,97"
